Product URL,Product Name,Product Price,Rating,Number of reviews
https://www.amazon.in/Wesley-Milestone-Waterproof-Backpack-Business/dp/B084JGJ8PF/ref=ice_ac_b_dpb?crid=2M096C61O4MLT&keywords=bags&qid=1690570696&sprefix=ba%2Caps%2C283&sr=8-1,Wesley Milestone 2.0 Casual Waterproof Laptop Backpack/Office Bag/School Bag/College Bag/Business Bag/Travel Backpack (Dimensions:13x18 inches) (Compatible with 39.62cm(15.6inch laptop) 30 L (Blue & black),₹598,4.3,N/A
https://www.amazon.in/gp/bestsellers/luggage/2917436031/ref=sr_bs_1_2917436031_1,Skybags Brat Black 46 Cms Casual Backpack,₹669,4.1,N/A
https://www.amazon.in/Half-Moon-Waterproof-Backpack-Students/dp/B085MHDJ93/ref=sr_1_3?crid=2M096C61O4MLT&keywords=bags&qid=1690570696&sprefix=ba%2Caps%2C283&sr=8-3,"Half Moon 35 Ltrs Water Resistant 15.6 inch Laptop Bag for Men/Backpack for Men, Navy Blue | Office Bag for Men/Office Bag for Women with Padded Laptop Compartment | Rain Cover & Reflective Strips",₹649,3.9,N/A
https://www.amazon.in/Half-Moon-Backpack-Luggage-Compartment/dp/B09VCLZ3K4/ref=sr_1_4?crid=2M096C61O4MLT&keywords=bags&qid=1690570696&sprefix=ba%2Caps%2C283&sr=8-4,Half Moon Large 37L Laptop Bag Backpack for menं Women Boys and Girls Luggage Travel Bags with 17.3 inches Laptop Compartment & Rain Cover,₹849,3.9,N/A
https://www.amazon.in/TRUE-HUMAN-Anti-Theft-backpack-charging/dp/B09QJ7ZF2Y/ref=sr_1_5?crid=2M096C61O4MLT&keywords=bags&qid=1690570696&sprefix=ba%2Caps%2C283&sr=8-5,TRUE HUMAN EMPEROR® Anti-Theft backpack With USB charging Port Laptop bag/Office bag/college bag/travel bag with anti -theft back pocket (LEGEND),₹689,3.8,N/A
https://www.amazon.in/American-Tourister-AMT-SCH-02/dp/B07CJCGM1M/ref=sr_1_6?crid=2M096C61O4MLT&keywords=bags&qid=1690570696&sprefix=ba%2Caps%2C283&sr=8-6,American Tourister Fizz Large Size 32 Ltrs Casual Backpack (BLACK),"₹1,199",4.0,N/A
https://www.amazon.in/Wesley-Spartan-Hiking-Raincover-Organiser/dp/B098QFF5TJ/ref=sr_1_7?crid=2M096C61O4MLT&keywords=bags&qid=1690570696&sprefix=ba%2Caps%2C283&sr=8-7,Wesley Spartan Unisex Travel Hiking Laptop Bag fits Upto 17.3 inch with Raincover and Internal Organiser Backpack Rucksack College Bag,₹749,4.1,N/A
https://www.amazon.in/Half-Moon-Resistant-Backpack-Compartment/dp/B0BJ32LQ6X/ref=sr_1_8?crid=2M096C61O4MLT&keywords=bags&qid=1690570696&sprefix=ba%2Caps%2C283&sr=8-8,Half Moon Large 37L Laptop Bag Backpack for menं Women Boys and Girls Luggage Travel Bags with 17.3 inches Laptop Compartment & Rain Cover,₹849,3.9,N/A
https://www.amazon.in/gp/bestsellers/computers/1375464031/ref=sr_bs_8_1375464031_1,"American Tourister VALEX BLACK LAPTOP BACKPACK 28 Ltrs,Volume, LAPTOP COMPARTMENT, BOTTLE POCKET, FRONT ORGANIZER","₹1,299",4.3,N/A
https://www.amazon.in/TRUE-Emperor-Anti-Theft-backpack-charging/dp/B0BYB631NR/ref=sr_1_10?crid=2M096C61O4MLT&keywords=bags&qid=1690570696&sprefix=ba%2Caps%2C283&sr=8-10,"TRUE HUMAN® Emperor Anti-Theft Pocket backpack With USB charging Port Laptop,office,college,travel bag for men and women(Epower)",₹680,3.6,N/A
https://www.amazon.in/NORTH-ZONE-Waterproof-Backpack-Dimensions/dp/B0BS6QQZYN/ref=sr_1_11?crid=2M096C61O4MLT&keywords=bags&qid=1690570696&sprefix=ba%2Caps%2C283&sr=8-11,NORTH ZONE Casual Waterproof Laptop Backpack/Office Bag/School Bag/College Bag/Business Bag/Travel Backpack (Dimensions:13x18 inches) (Compatible with 39.62cm(15.6inch laptop) 30 L,₹630,4.0,N/A
https://www.amazon.in/Wesley-Milestone-Waterproof-Backpack-Business/dp/B085S444JV/ref=sr_1_12?crid=2M096C61O4MLT&keywords=bags&qid=1690570696&sprefix=ba%2Caps%2C283&sr=8-12,"Wesley Milestone 2.0 Casual Waterproof Laptop Backpack/Office Bag/School Bag/College Bag/Business Bag/Travel Backpack (Dimensions:13x18 inches) (Compatible with 39.62cm(15.6inch laptop) 30 L, Charcoal black",₹550,4.3,N/A
https://www.amazon.in/Lunars-Bingo-Laptop-Resistant-48L/dp/B08YZ8FFBZ/ref=sr_1_13?crid=2M096C61O4MLT&keywords=bags&qid=1690570696&sprefix=ba%2Caps%2C283&sr=8-13,Lunar's Bingo - 48 L Laptop Office/School/Travel/Business Backpack Water Resistant - Fits Up to 15.6 Inch Laptop Notebook with 1 Year Warranty,₹899,3.9,N/A
https://www.amazon.in/Martucci-Casual-Travelling-Laptop-Backpack/dp/B088B4P6ZW/ref=sr_1_14?crid=2M096C61O4MLT&keywords=bags&qid=1690570696&sprefix=ba%2Caps%2C283&sr=8-14,Martucci 15.6 inch 30 L Casual Waterproof Laptop Backpack/Office Bag/School Bag/College Bag/Business Bag/Unisex Travel Backpack(Black),₹549,3.9,N/A
https://www.amazon.in/SAFARI-Ltrs-Casual-Backpack-DAYPACKNEO15CBSEB/dp/B07Q7CNPMV/ref=sr_1_15?crid=2M096C61O4MLT&keywords=bags&qid=1690570696&sprefix=ba%2Caps%2C283&sr=8-15,Safari Compact Size 15 Ltrs Casual Backpack For Unisex Adult - Sea Blue,₹321,4.0,N/A
https://www.amazon.in/Number-Backpack-Compartment-Charging-Organizer/dp/B09VTDMRY7/ref=sr_1_16?crid=2M096C61O4MLT&keywords=bags&qid=1690570696&sprefix=ba%2Caps%2C283&sr=8-16,"FUR JADEN Anti Theft Number Lock Backpack Bag with 15.6 Inch Laptop Compartment, USB Charging Port & Organizer Pocket for Men Women Boys Girls",₹679,4.0,N/A
https://www.amazon.in/Wesley-Milestone-Waterproof-Backpack-Business/dp/B084JGJ8PF/ref=ice_ac_b_dpb?crid=2M096C61O4MLT&keywords=bags&qid=1690570700&sprefix=ba%2Caps%2C283&sr=8-1,Wesley Milestone 2.0 Casual Waterproof Laptop Backpack/Office,₹598,4.3,N/A
https://www.amazon.in/gp/bestsellers/luggage/2917436031/ref=sr_bs_1_2917436031_1,Skybags Brat Black 46 Cms Casual Backpack,₹669,4.1,N/A
https://www.amazon.in/Half-Moon-Waterproof-Backpack-Students/dp/B085MHDJ93/ref=sr_1_3?crid=2M096C61O4MLT&keywords=bags&qid=1690570700&sprefix=ba%2Caps%2C283&sr=8-3,Half Moon 35 Ltrs Water Resistant 15.6 inch Laptop,₹649,3.9,N/A
https://www.amazon.in/Half-Moon-Backpack-Luggage-Compartment/dp/B09VCLZ3K4/ref=sr_1_4?crid=2M096C61O4MLT&keywords=bags&qid=1690570700&sprefix=ba%2Caps%2C283&sr=8-4,Half Moon Large 37L Laptop,₹849,3.9,N/A
https://www.amazon.in/TRUE-HUMAN-Anti-Theft-backpack-charging/dp/B09QJ7ZF2Y/ref=sr_1_5?crid=2M096C61O4MLT&keywords=bags&qid=1690570700&sprefix=ba%2Caps%2C283&sr=8-5,TRUE HUMAN EMPEROR® Anti-Theft backpack With USB charging Port Laptop,₹689,3.8,N/A
https://www.amazon.in/American-Tourister-AMT-SCH-02/dp/B07CJCGM1M/ref=sr_1_6?crid=2M096C61O4MLT&keywords=bags&qid=1690570700&sprefix=ba%2Caps%2C283&sr=8-6,American Tourister Fizz Large Size 32 Ltrs Casual Backpack (BLACK),"₹1,199",4.0,N/A
https://www.amazon.in/Wesley-Spartan-Hiking-Raincover-Organiser/dp/B098QFF5TJ/ref=sr_1_7?crid=2M096C61O4MLT&keywords=bags&qid=1690570700&sprefix=ba%2Caps%2C283&sr=8-7,Wesley Spartan Unisex Travel Hiking Laptop,₹749,4.1,N/A
https://www.amazon.in/Half-Moon-Resistant-Backpack-Compartment/dp/B0BJ32LQ6X/ref=sr_1_8?crid=2M096C61O4MLT&keywords=bags&qid=1690570700&sprefix=ba%2Caps%2C283&sr=8-8,Half Moon Large 37L Laptop,₹849,3.9,N/A
https://www.amazon.in/gp/bestsellers/computers/1375464031/ref=sr_bs_8_1375464031_1,"American Tourister VALEX BLACK LAPTOP BACKPACK 28 Ltrs,Volume, LAPTOP COMPARTMENT, BOTTLE POCKET, FRONT ORGANIZER","₹1,299",4.3,N/A
https://www.amazon.in/TRUE-Emperor-Anti-Theft-backpack-charging/dp/B0BYB631NR/ref=sr_1_10?crid=2M096C61O4MLT&keywords=bags&qid=1690570700&sprefix=ba%2Caps%2C283&sr=8-10,"TRUE HUMAN® Emperor Anti-Theft Pocket backpack With USB charging Port Laptop,office,college,travel",₹680,3.6,N/A
https://www.amazon.in/Wesley-Milestone-Waterproof-Backpack-Business/dp/B085S444JV/ref=sr_1_11?crid=2M096C61O4MLT&keywords=bags&qid=1690570700&sprefix=ba%2Caps%2C283&sr=8-11,Wesley Milestone 2.0 Casual Waterproof Laptop Backpack/Office,₹550,4.3,N/A
https://www.amazon.in/NORTH-ZONE-Waterproof-Backpack-Dimensions/dp/B0BS6QQZYN/ref=sr_1_12?crid=2M096C61O4MLT&keywords=bags&qid=1690570700&sprefix=ba%2Caps%2C283&sr=8-12,NORTH ZONE Casual Waterproof Laptop Backpack/Office,₹630,4.0,N/A
https://www.amazon.in/Lunars-Bingo-Laptop-Resistant-48L/dp/B08YZ8FFBZ/ref=sr_1_13?crid=2M096C61O4MLT&keywords=bags&qid=1690570700&sprefix=ba%2Caps%2C283&sr=8-13,Lunar's Bingo - 48 L Laptop Office/School/Travel/Business Backpack Water Resistant - Fits Up to 15.6 Inch Laptop Notebook with 1 Year Warranty,₹899,3.9,N/A
https://www.amazon.in/Martucci-Casual-Travelling-Laptop-Backpack/dp/B088B4P6ZW/ref=sr_1_14?crid=2M096C61O4MLT&keywords=bags&qid=1690570700&sprefix=ba%2Caps%2C283&sr=8-14,Martucci 15.6 inch 30 L Casual Waterproof Laptop Backpack/Office,₹549,3.9,N/A
https://www.amazon.in/SAFARI-Ltrs-Casual-Backpack-DAYPACKNEO15CBSEB/dp/B07Q7CNPMV/ref=sr_1_15?crid=2M096C61O4MLT&keywords=bags&qid=1690570700&sprefix=ba%2Caps%2C283&sr=8-15,Safari Compact Size 15 Ltrs Casual Backpack For Unisex Adult - Sea Blue,₹321,4.0,N/A
https://www.amazon.in/Number-Backpack-Compartment-Charging-Organizer/dp/B09VTDMRY7/ref=sr_1_16?crid=2M096C61O4MLT&keywords=bags&qid=1690570700&sprefix=ba%2Caps%2C283&sr=8-16,FUR JADEN Anti Theft Number Lock Backpack,₹679,4.0,N/A
https://www.amazon.in/Wesley-Milestone-Waterproof-Backpack-Business/dp/B084JGJ8PF/ref=ice_ac_b_dpb?crid=2M096C61O4MLT&keywords=bags&qid=1690570702&sprefix=ba%2Caps%2C283&sr=8-1,Wesley Milestone 2.0 Casual Waterproof Laptop Backpack/Office Bag/School Bag/College Bag/Business Bag/Travel Backpack (Dimensions:13x18 inches) (Compatible with 39.62cm(15.6inch laptop) 30 L (Blue & black),₹598,4.3,N/A
https://www.amazon.in/gp/bestsellers/luggage/2917436031/ref=sr_bs_1_2917436031_1,Skybags Brat Black 46 Cms Casual Backpack,₹669,4.1,N/A
https://www.amazon.in/Half-Moon-Waterproof-Backpack-Students/dp/B085MHDJ93/ref=sr_1_3?crid=2M096C61O4MLT&keywords=bags&qid=1690570702&sprefix=ba%2Caps%2C283&sr=8-3,"Half Moon 35 Ltrs Water Resistant 15.6 inch Laptop Bag for Men/Backpack for Men, Navy Blue | Office Bag for Men/Office Bag for Women with Padded Laptop Compartment | Rain Cover & Reflective Strips",₹649,3.9,N/A
https://www.amazon.in/Half-Moon-Backpack-Luggage-Compartment/dp/B09VCLZ3K4/ref=sr_1_4?crid=2M096C61O4MLT&keywords=bags&qid=1690570702&sprefix=ba%2Caps%2C283&sr=8-4,Half Moon Large 37L Laptop Bag Backpack for menं Women Boys and Girls Luggage Travel Bags with 17.3 inches Laptop Compartment & Rain Cover,₹849,3.9,N/A
https://www.amazon.in/TRUE-HUMAN-Anti-Theft-backpack-charging/dp/B09QJ7ZF2Y/ref=sr_1_5?crid=2M096C61O4MLT&keywords=bags&qid=1690570702&sprefix=ba%2Caps%2C283&sr=8-5,TRUE HUMAN EMPEROR® Anti-Theft backpack With USB charging Port Laptop bag/Office bag/college bag/travel bag with anti -theft back pocket (LEGEND),₹689,3.8,N/A
https://www.amazon.in/American-Tourister-AMT-SCH-02/dp/B07CJCGM1M/ref=sr_1_6?crid=2M096C61O4MLT&keywords=bags&qid=1690570702&sprefix=ba%2Caps%2C283&sr=8-6,American Tourister Fizz Large Size 32 Ltrs Casual Backpack (BLACK),"₹1,199",4.0,N/A
https://www.amazon.in/Wesley-Spartan-Hiking-Raincover-Organiser/dp/B098QFF5TJ/ref=sr_1_7?crid=2M096C61O4MLT&keywords=bags&qid=1690570702&sprefix=ba%2Caps%2C283&sr=8-7,Wesley Spartan Unisex Travel Hiking Laptop Bag fits Upto 17.3 inch with Raincover and Internal Organiser Backpack Rucksack College Bag,₹749,4.1,N/A
https://www.amazon.in/Half-Moon-Resistant-Backpack-Compartment/dp/B0BJ32LQ6X/ref=sr_1_8?crid=2M096C61O4MLT&keywords=bags&qid=1690570702&sprefix=ba%2Caps%2C283&sr=8-8,Half Moon Large 37L Laptop Bag Backpack for menं Women Boys and Girls Luggage Travel Bags with 17.3 inches Laptop Compartment & Rain Cover,₹849,3.9,N/A
https://www.amazon.in/gp/bestsellers/computers/1375464031/ref=sr_bs_8_1375464031_1,"American Tourister VALEX BLACK LAPTOP BACKPACK 28 Ltrs,Volume, LAPTOP COMPARTMENT, BOTTLE POCKET, FRONT ORGANIZER","₹1,299",4.3,N/A
https://www.amazon.in/TRUE-Emperor-Anti-Theft-backpack-charging/dp/B0BYB631NR/ref=sr_1_10?crid=2M096C61O4MLT&keywords=bags&qid=1690570702&sprefix=ba%2Caps%2C283&sr=8-10,"TRUE HUMAN® Emperor Anti-Theft Pocket backpack With USB charging Port Laptop,office,college,travel bag for men and women(Epower)",₹680,3.6,N/A
https://www.amazon.in/Wesley-Milestone-Waterproof-Backpack-Business/dp/B085S444JV/ref=sr_1_11?crid=2M096C61O4MLT&keywords=bags&qid=1690570702&sprefix=ba%2Caps%2C283&sr=8-11,"Wesley Milestone 2.0 Casual Waterproof Laptop Backpack/Office Bag/School Bag/College Bag/Business Bag/Travel Backpack (Dimensions:13x18 inches) (Compatible with 39.62cm(15.6inch laptop) 30 L, Charcoal black",₹550,4.3,N/A
https://www.amazon.in/NORTH-ZONE-Waterproof-Backpack-Dimensions/dp/B0BS6QQZYN/ref=sr_1_12?crid=2M096C61O4MLT&keywords=bags&qid=1690570702&sprefix=ba%2Caps%2C283&sr=8-12,NORTH ZONE Casual Waterproof Laptop Backpack/Office Bag/School Bag/College Bag/Business Bag/Travel Backpack (Dimensions:13x18 inches) (Compatible with 39.62cm(15.6inch laptop) 30 L,₹630,4.0,N/A
https://www.amazon.in/Lunars-Bingo-Laptop-Resistant-48L/dp/B08YZ8FFBZ/ref=sr_1_13?crid=2M096C61O4MLT&keywords=bags&qid=1690570702&sprefix=ba%2Caps%2C283&sr=8-13,Lunar's Bingo - 48 L Laptop Office/School/Travel/Business Backpack Water Resistant - Fits Up to 15.6 Inch Laptop Notebook with 1 Year Warranty,₹899,3.9,N/A
https://www.amazon.in/Martucci-Casual-Travelling-Laptop-Backpack/dp/B088B4P6ZW/ref=sr_1_14?crid=2M096C61O4MLT&keywords=bags&qid=1690570702&sprefix=ba%2Caps%2C283&sr=8-14,Martucci 15.6 inch 30 L Casual Waterproof Laptop Backpack/Office Bag/School Bag/College Bag/Business Bag/Unisex Travel Backpack(Black),₹549,3.9,N/A
https://www.amazon.in/gp/bestsellers/luggage/2917507031/ref=sr_bs_14_2917507031_1,Sfane Polyester 23cms Duffle/Shoulder/Gym Bag for Men & Women with Separate Shoe Compartment (Grey),₹387,4.3,N/A
https://www.amazon.in/SAFARI-Ltrs-Casual-Backpack-DAYPACKNEO15CBSEB/dp/B07Q7CNPMV/ref=sr_1_16?crid=2M096C61O4MLT&keywords=bags&qid=1690570702&sprefix=ba%2Caps%2C283&sr=8-16,Safari Compact Size 15 Ltrs Casual Backpack For Unisex Adult - Sea Blue,₹321,4.0,N/A
https://www.amazon.in/Wesley-Milestone-Waterproof-Backpack-Business/dp/B084JGJ8PF/ref=ice_ac_b_dpb?crid=2M096C61O4MLT&keywords=bags&qid=1690570706&sprefix=ba%2Caps%2C283&sr=8-1,Wesley Milestone 2.0 Casual Waterproof Laptop Backpack/Office,₹598,4.3,N/A
https://www.amazon.in/gp/bestsellers/luggage/2917436031/ref=sr_bs_1_2917436031_1,Skybags Brat Black 46 Cms Casual Backpack,₹669,4.1,N/A
https://www.amazon.in/Half-Moon-Waterproof-Backpack-Students/dp/B085MHDJ93/ref=sr_1_3?crid=2M096C61O4MLT&keywords=bags&qid=1690570706&sprefix=ba%2Caps%2C283&sr=8-3,Half Moon 35 Ltrs Water Resistant 15.6 inch Laptop,₹649,3.9,N/A
https://www.amazon.in/Half-Moon-Backpack-Luggage-Compartment/dp/B09VCLZ3K4/ref=sr_1_4?crid=2M096C61O4MLT&keywords=bags&qid=1690570706&sprefix=ba%2Caps%2C283&sr=8-4,Half Moon Large 37L Laptop,₹849,3.9,N/A
https://www.amazon.in/TRUE-HUMAN-Anti-Theft-backpack-charging/dp/B09QJ7ZF2Y/ref=sr_1_5?crid=2M096C61O4MLT&keywords=bags&qid=1690570706&sprefix=ba%2Caps%2C283&sr=8-5,TRUE HUMAN EMPEROR® Anti-Theft backpack With USB charging Port Laptop,₹689,3.8,N/A
https://www.amazon.in/American-Tourister-AMT-SCH-02/dp/B07CJCGM1M/ref=sr_1_6?crid=2M096C61O4MLT&keywords=bags&qid=1690570706&sprefix=ba%2Caps%2C283&sr=8-6,American Tourister Fizz Large Size 32 Ltrs Casual Backpack (BLACK),"₹1,199",4.0,N/A
https://www.amazon.in/Wesley-Spartan-Hiking-Raincover-Organiser/dp/B098QFF5TJ/ref=sr_1_7?crid=2M096C61O4MLT&keywords=bags&qid=1690570706&sprefix=ba%2Caps%2C283&sr=8-7,Wesley Spartan Unisex Travel Hiking Laptop,₹749,4.1,N/A
https://www.amazon.in/Half-Moon-Resistant-Backpack-Compartment/dp/B0BJ32LQ6X/ref=sr_1_8?crid=2M096C61O4MLT&keywords=bags&qid=1690570706&sprefix=ba%2Caps%2C283&sr=8-8,Half Moon Large 37L Laptop,₹849,3.9,N/A
https://www.amazon.in/gp/bestsellers/computers/1375464031/ref=sr_bs_8_1375464031_1,"American Tourister VALEX BLACK LAPTOP BACKPACK 28 Ltrs,Volume, LAPTOP COMPARTMENT, BOTTLE POCKET, FRONT ORGANIZER","₹1,299",4.3,N/A
https://www.amazon.in/TRUE-Emperor-Anti-Theft-backpack-charging/dp/B0BYB631NR/ref=sr_1_10?crid=2M096C61O4MLT&keywords=bags&qid=1690570706&sprefix=ba%2Caps%2C283&sr=8-10,"TRUE HUMAN® Emperor Anti-Theft Pocket backpack With USB charging Port Laptop,office,college,travel",₹680,3.6,N/A
https://www.amazon.in/NORTH-ZONE-Waterproof-Backpack-Dimensions/dp/B0BS6QQZYN/ref=sr_1_11?crid=2M096C61O4MLT&keywords=bags&qid=1690570706&sprefix=ba%2Caps%2C283&sr=8-11,NORTH ZONE Casual Waterproof Laptop Backpack/Office,₹630,4.0,N/A
https://www.amazon.in/Wesley-Milestone-Waterproof-Backpack-Business/dp/B085S444JV/ref=sr_1_12?crid=2M096C61O4MLT&keywords=bags&qid=1690570706&sprefix=ba%2Caps%2C283&sr=8-12,Wesley Milestone 2.0 Casual Waterproof Laptop Backpack/Office,₹550,4.3,N/A
https://www.amazon.in/Lunars-Bingo-Laptop-Resistant-48L/dp/B08YZ8FFBZ/ref=sr_1_13?crid=2M096C61O4MLT&keywords=bags&qid=1690570706&sprefix=ba%2Caps%2C283&sr=8-13,Lunar's Bingo - 48 L Laptop Office/School/Travel/Business Backpack Water Resistant - Fits Up to 15.6 Inch Laptop Notebook with 1 Year Warranty,₹899,3.9,N/A
https://www.amazon.in/Martucci-Casual-Travelling-Laptop-Backpack/dp/B088B4P6ZW/ref=sr_1_14?crid=2M096C61O4MLT&keywords=bags&qid=1690570706&sprefix=ba%2Caps%2C283&sr=8-14,Martucci 15.6 inch 30 L Casual Waterproof Laptop Backpack/Office,₹549,3.9,N/A
https://www.amazon.in/gp/bestsellers/luggage/2917507031/ref=sr_bs_14_2917507031_1,Sfane Polyester 23cms Duffle/Shoulder/Gym,₹387,4.3,N/A
https://www.amazon.in/SAFARI-Ltrs-Casual-Backpack-DAYPACKNEO15CBSEB/dp/B07Q7CNPMV/ref=sr_1_16?crid=2M096C61O4MLT&keywords=bags&qid=1690570706&sprefix=ba%2Caps%2C283&sr=8-16,Safari Compact Size 15 Ltrs Casual Backpack For Unisex Adult - Sea Blue,₹321,4.0,N/A
https://www.amazon.in/Wesley-Milestone-Waterproof-Backpack-Business/dp/B084JGJ8PF/ref=ice_ac_b_dpb?crid=2M096C61O4MLT&keywords=bags&qid=1690570711&sprefix=ba%2Caps%2C283&sr=8-1,Wesley Milestone 2.0 Casual Waterproof Laptop Backpack/Office Bag/School Bag/College Bag/Business Bag/Travel Backpack (Dimensions:13x18 inches) (Compatible with 39.62cm(15.6inch laptop) 30 L (Blue & black),₹598,4.3,N/A
https://www.amazon.in/gp/bestsellers/luggage/2917436031/ref=sr_bs_1_2917436031_1,Skybags Brat Black 46 Cms Casual Backpack,₹669,4.1,N/A
https://www.amazon.in/Half-Moon-Waterproof-Backpack-Students/dp/B085MHDJ93/ref=sr_1_3?crid=2M096C61O4MLT&keywords=bags&qid=1690570711&sprefix=ba%2Caps%2C283&sr=8-3,"Half Moon 35 Ltrs Water Resistant 15.6 inch Laptop Bag for Men/Backpack for Men, Navy Blue | Office Bag for Men/Office Bag for Women with Padded Laptop Compartment | Rain Cover & Reflective Strips",₹649,3.9,N/A
https://www.amazon.in/Half-Moon-Backpack-Luggage-Compartment/dp/B09VCLZ3K4/ref=sr_1_4?crid=2M096C61O4MLT&keywords=bags&qid=1690570711&sprefix=ba%2Caps%2C283&sr=8-4,Half Moon Large 37L Laptop Bag Backpack for menं Women Boys and Girls Luggage Travel Bags with 17.3 inches Laptop Compartment & Rain Cover,₹849,3.9,N/A
https://www.amazon.in/TRUE-HUMAN-Anti-Theft-backpack-charging/dp/B09QJ7ZF2Y/ref=sr_1_5?crid=2M096C61O4MLT&keywords=bags&qid=1690570711&sprefix=ba%2Caps%2C283&sr=8-5,TRUE HUMAN EMPEROR® Anti-Theft backpack With USB charging Port Laptop bag/Office bag/college bag/travel bag with anti -theft back pocket (LEGEND),₹689,3.8,N/A
https://www.amazon.in/American-Tourister-AMT-SCH-02/dp/B07CJCGM1M/ref=sr_1_6?crid=2M096C61O4MLT&keywords=bags&qid=1690570711&sprefix=ba%2Caps%2C283&sr=8-6,American Tourister Fizz Large Size 32 Ltrs Casual Backpack (BLACK),"₹1,199",4.0,N/A
https://www.amazon.in/Wesley-Spartan-Hiking-Raincover-Organiser/dp/B098QFF5TJ/ref=sr_1_7?crid=2M096C61O4MLT&keywords=bags&qid=1690570711&sprefix=ba%2Caps%2C283&sr=8-7,Wesley Spartan Unisex Travel Hiking Laptop Bag fits Upto 17.3 inch with Raincover and Internal Organiser Backpack Rucksack College Bag,₹749,4.1,N/A
https://www.amazon.in/Half-Moon-Resistant-Backpack-Compartment/dp/B0BJ32LQ6X/ref=sr_1_8?crid=2M096C61O4MLT&keywords=bags&qid=1690570711&sprefix=ba%2Caps%2C283&sr=8-8,Half Moon Large 37L Laptop Bag Backpack for menं Women Boys and Girls Luggage Travel Bags with 17.3 inches Laptop Compartment & Rain Cover,₹849,3.9,N/A
https://www.amazon.in/gp/bestsellers/computers/1375464031/ref=sr_bs_8_1375464031_1,"American Tourister VALEX BLACK LAPTOP BACKPACK 28 Ltrs,Volume, LAPTOP COMPARTMENT, BOTTLE POCKET, FRONT ORGANIZER","₹1,299",4.3,N/A
https://www.amazon.in/TRUE-Emperor-Anti-Theft-backpack-charging/dp/B0BYB631NR/ref=sr_1_10?crid=2M096C61O4MLT&keywords=bags&qid=1690570711&sprefix=ba%2Caps%2C283&sr=8-10,"TRUE HUMAN® Emperor Anti-Theft Pocket backpack With USB charging Port Laptop,office,college,travel bag for men and women(Epower)",₹680,3.6,N/A
https://www.amazon.in/Wesley-Milestone-Waterproof-Backpack-Business/dp/B085S444JV/ref=sr_1_11?crid=2M096C61O4MLT&keywords=bags&qid=1690570711&sprefix=ba%2Caps%2C283&sr=8-11,"Wesley Milestone 2.0 Casual Waterproof Laptop Backpack/Office Bag/School Bag/College Bag/Business Bag/Travel Backpack (Dimensions:13x18 inches) (Compatible with 39.62cm(15.6inch laptop) 30 L, Charcoal black",₹550,4.3,N/A
https://www.amazon.in/NORTH-ZONE-Waterproof-Backpack-Dimensions/dp/B0BS6QQZYN/ref=sr_1_12?crid=2M096C61O4MLT&keywords=bags&qid=1690570711&sprefix=ba%2Caps%2C283&sr=8-12,NORTH ZONE Casual Waterproof Laptop Backpack/Office Bag/School Bag/College Bag/Business Bag/Travel Backpack (Dimensions:13x18 inches) (Compatible with 39.62cm(15.6inch laptop) 30 L,₹630,4.0,N/A
https://www.amazon.in/Lunars-Bingo-Laptop-Resistant-48L/dp/B08YZ8FFBZ/ref=sr_1_13?crid=2M096C61O4MLT&keywords=bags&qid=1690570711&sprefix=ba%2Caps%2C283&sr=8-13,Lunar's Bingo - 48 L Laptop Office/School/Travel/Business Backpack Water Resistant - Fits Up to 15.6 Inch Laptop Notebook with 1 Year Warranty,₹899,3.9,N/A
https://www.amazon.in/Martucci-Casual-Travelling-Laptop-Backpack/dp/B088B4P6ZW/ref=sr_1_14?crid=2M096C61O4MLT&keywords=bags&qid=1690570711&sprefix=ba%2Caps%2C283&sr=8-14,Martucci 15.6 inch 30 L Casual Waterproof Laptop Backpack/Office Bag/School Bag/College Bag/Business Bag/Unisex Travel Backpack(Black),₹549,3.9,N/A
https://www.amazon.in/SAFARI-Ltrs-Casual-Backpack-DAYPACKNEO15CBSEB/dp/B07Q7CNPMV/ref=sr_1_15?crid=2M096C61O4MLT&keywords=bags&qid=1690570711&sprefix=ba%2Caps%2C283&sr=8-15,Safari Compact Size 15 Ltrs Casual Backpack For Unisex Adult - Sea Blue,₹321,4.0,N/A
https://www.amazon.in/Number-Backpack-Compartment-Charging-Organizer/dp/B09VTDMRY7/ref=sr_1_16?crid=2M096C61O4MLT&keywords=bags&qid=1690570711&sprefix=ba%2Caps%2C283&sr=8-16,"FUR JADEN Anti Theft Number Lock Backpack Bag with 15.6 Inch Laptop Compartment, USB Charging Port & Organizer Pocket for Men Women Boys Girls",₹679,4.0,N/A
https://www.amazon.in/Wesley-Milestone-Waterproof-Backpack-Business/dp/B084JGJ8PF/ref=ice_ac_b_dpb?crid=2M096C61O4MLT&keywords=bags&qid=1690570720&sprefix=ba%2Caps%2C283&sr=8-1,Wesley Milestone 2.0 Casual Waterproof Laptop Backpack/Office Bag/School Bag/College Bag/Business Bag/Travel Backpack (Dimensions:13x18 inches) (Compatible with 39.62cm(15.6inch laptop) 30 L (Blue & black),₹598,4.3,N/A
https://www.amazon.in/gp/bestsellers/luggage/2917436031/ref=sr_bs_1_2917436031_1,Skybags Brat Black 46 Cms Casual Backpack,₹669,4.1,N/A
https://www.amazon.in/Half-Moon-Waterproof-Backpack-Students/dp/B085MHDJ93/ref=sr_1_3?crid=2M096C61O4MLT&keywords=bags&qid=1690570720&sprefix=ba%2Caps%2C283&sr=8-3,"Half Moon 35 Ltrs Water Resistant 15.6 inch Laptop Bag for Men/Backpack for Men, Navy Blue | Office Bag for Men/Office Bag for Women with Padded Laptop Compartment | Rain Cover & Reflective Strips",₹649,3.9,N/A
https://www.amazon.in/Half-Moon-Backpack-Luggage-Compartment/dp/B09VCLZ3K4/ref=sr_1_4?crid=2M096C61O4MLT&keywords=bags&qid=1690570720&sprefix=ba%2Caps%2C283&sr=8-4,Half Moon Large 37L Laptop Bag Backpack for menं Women Boys and Girls Luggage Travel Bags with 17.3 inches Laptop Compartment & Rain Cover,₹849,3.9,N/A
https://www.amazon.in/TRUE-HUMAN-Anti-Theft-backpack-charging/dp/B09QJ7ZF2Y/ref=sr_1_5?crid=2M096C61O4MLT&keywords=bags&qid=1690570720&sprefix=ba%2Caps%2C283&sr=8-5,TRUE HUMAN EMPEROR® Anti-Theft backpack With USB charging Port Laptop bag/Office bag/college bag/travel bag with anti -theft back pocket (LEGEND),₹689,3.8,N/A
https://www.amazon.in/American-Tourister-AMT-SCH-02/dp/B07CJCGM1M/ref=sr_1_6?crid=2M096C61O4MLT&keywords=bags&qid=1690570720&sprefix=ba%2Caps%2C283&sr=8-6,American Tourister Fizz Large Size 32 Ltrs Casual Backpack (BLACK),"₹1,199",4.0,N/A
https://www.amazon.in/Wesley-Spartan-Hiking-Raincover-Organiser/dp/B098QFF5TJ/ref=sr_1_7?crid=2M096C61O4MLT&keywords=bags&qid=1690570720&sprefix=ba%2Caps%2C283&sr=8-7,Wesley Spartan Unisex Travel Hiking Laptop Bag fits Upto 17.3 inch with Raincover and Internal Organiser Backpack Rucksack College Bag,₹749,4.1,N/A
https://www.amazon.in/Half-Moon-Resistant-Backpack-Compartment/dp/B0BJ32LQ6X/ref=sr_1_8?crid=2M096C61O4MLT&keywords=bags&qid=1690570720&sprefix=ba%2Caps%2C283&sr=8-8,Half Moon Large 37L Laptop Bag Backpack for menं Women Boys and Girls Luggage Travel Bags with 17.3 inches Laptop Compartment & Rain Cover,₹849,3.9,N/A
https://www.amazon.in/gp/bestsellers/computers/1375464031/ref=sr_bs_8_1375464031_1,"American Tourister VALEX BLACK LAPTOP BACKPACK 28 Ltrs,Volume, LAPTOP COMPARTMENT, BOTTLE POCKET, FRONT ORGANIZER","₹1,299",4.3,N/A
https://www.amazon.in/TRUE-Emperor-Anti-Theft-backpack-charging/dp/B0BYB631NR/ref=sr_1_10?crid=2M096C61O4MLT&keywords=bags&qid=1690570720&sprefix=ba%2Caps%2C283&sr=8-10,"TRUE HUMAN® Emperor Anti-Theft Pocket backpack With USB charging Port Laptop,office,college,travel bag for men and women(Epower)",₹680,3.6,N/A
https://www.amazon.in/NORTH-ZONE-Waterproof-Backpack-Dimensions/dp/B0BS6QQZYN/ref=sr_1_11?crid=2M096C61O4MLT&keywords=bags&qid=1690570720&sprefix=ba%2Caps%2C283&sr=8-11,NORTH ZONE Casual Waterproof Laptop Backpack/Office Bag/School Bag/College Bag/Business Bag/Travel Backpack (Dimensions:13x18 inches) (Compatible with 39.62cm(15.6inch laptop) 30 L,₹630,4.0,N/A
https://www.amazon.in/Lunars-Bingo-Laptop-Resistant-48L/dp/B08YZ8FFBZ/ref=sr_1_12?crid=2M096C61O4MLT&keywords=bags&qid=1690570720&sprefix=ba%2Caps%2C283&sr=8-12,Lunar's Bingo - 48 L Laptop Office/School/Travel/Business Backpack Water Resistant - Fits Up to 15.6 Inch Laptop Notebook with 1 Year Warranty,₹899,3.9,N/A
https://www.amazon.in/Martucci-Casual-Travelling-Laptop-Backpack/dp/B088B4P6ZW/ref=sr_1_13?crid=2M096C61O4MLT&keywords=bags&qid=1690570720&sprefix=ba%2Caps%2C283&sr=8-13,Martucci 15.6 inch 30 L Casual Waterproof Laptop Backpack/Office Bag/School Bag/College Bag/Business Bag/Unisex Travel Backpack(Black),₹549,3.9,N/A
https://www.amazon.in/gp/bestsellers/luggage/2917507031/ref=sr_bs_13_2917507031_1,Sfane Polyester 23cms Duffle/Shoulder/Gym Bag for Men & Women with Separate Shoe Compartment (Grey),₹387,4.3,N/A
https://www.amazon.in/SAFARI-Ltrs-Casual-Backpack-DAYPACKNEO15CBSEB/dp/B07Q7CNPMV/ref=sr_1_15?crid=2M096C61O4MLT&keywords=bags&qid=1690570720&sprefix=ba%2Caps%2C283&sr=8-15,Safari Compact Size 15 Ltrs Casual Backpack For Unisex Adult - Sea Blue,₹321,4.0,N/A
https://www.amazon.in/Number-Backpack-Compartment-Charging-Organizer/dp/B09VTDMRY7/ref=sr_1_16?crid=2M096C61O4MLT&keywords=bags&qid=1690570720&sprefix=ba%2Caps%2C283&sr=8-16,"FUR JADEN Anti Theft Number Lock Backpack Bag with 15.6 Inch Laptop Compartment, USB Charging Port & Organizer Pocket for Men Women Boys Girls",₹679,4.0,N/A
https://www.amazon.in/Wesley-Milestone-Waterproof-Backpack-Business/dp/B084JGJ8PF/ref=ice_ac_b_dpb?crid=2M096C61O4MLT&keywords=bags&qid=1690570722&sprefix=ba%2Caps%2C283&sr=8-1,Wesley Milestone 2.0 Casual Waterproof Laptop Backpack/Office,₹598,4.3,N/A
https://www.amazon.in/gp/bestsellers/luggage/2917436031/ref=sr_bs_1_2917436031_1,Skybags Brat Black 46 Cms Casual Backpack,₹669,4.1,N/A
https://www.amazon.in/Half-Moon-Waterproof-Backpack-Students/dp/B085MHDJ93/ref=sr_1_3?crid=2M096C61O4MLT&keywords=bags&qid=1690570722&sprefix=ba%2Caps%2C283&sr=8-3,Half Moon 35 Ltrs Water Resistant 15.6 inch Laptop,₹649,3.9,N/A
https://www.amazon.in/Half-Moon-Backpack-Luggage-Compartment/dp/B09VCLZ3K4/ref=sr_1_4?crid=2M096C61O4MLT&keywords=bags&qid=1690570722&sprefix=ba%2Caps%2C283&sr=8-4,Half Moon Large 37L Laptop,₹849,3.9,N/A
https://www.amazon.in/TRUE-HUMAN-Anti-Theft-backpack-charging/dp/B09QJ7ZF2Y/ref=sr_1_5?crid=2M096C61O4MLT&keywords=bags&qid=1690570722&sprefix=ba%2Caps%2C283&sr=8-5,TRUE HUMAN EMPEROR® Anti-Theft backpack With USB charging Port Laptop,₹689,3.8,N/A
https://www.amazon.in/American-Tourister-AMT-SCH-02/dp/B07CJCGM1M/ref=sr_1_6?crid=2M096C61O4MLT&keywords=bags&qid=1690570722&sprefix=ba%2Caps%2C283&sr=8-6,American Tourister Fizz Large Size 32 Ltrs Casual Backpack (BLACK),"₹1,199",4.0,N/A
https://www.amazon.in/Wesley-Spartan-Hiking-Raincover-Organiser/dp/B098QFF5TJ/ref=sr_1_7?crid=2M096C61O4MLT&keywords=bags&qid=1690570722&sprefix=ba%2Caps%2C283&sr=8-7,Wesley Spartan Unisex Travel Hiking Laptop,₹749,4.1,N/A
https://www.amazon.in/Half-Moon-Resistant-Backpack-Compartment/dp/B0BJ32LQ6X/ref=sr_1_8?crid=2M096C61O4MLT&keywords=bags&qid=1690570722&sprefix=ba%2Caps%2C283&sr=8-8,Half Moon Large 37L Laptop,₹849,3.9,N/A
https://www.amazon.in/gp/bestsellers/computers/1375464031/ref=sr_bs_8_1375464031_1,"American Tourister VALEX BLACK LAPTOP BACKPACK 28 Ltrs,Volume, LAPTOP COMPARTMENT, BOTTLE POCKET, FRONT ORGANIZER","₹1,299",4.3,N/A
https://www.amazon.in/TRUE-Emperor-Anti-Theft-backpack-charging/dp/B0BYB631NR/ref=sr_1_10?crid=2M096C61O4MLT&keywords=bags&qid=1690570722&sprefix=ba%2Caps%2C283&sr=8-10,"TRUE HUMAN® Emperor Anti-Theft Pocket backpack With USB charging Port Laptop,office,college,travel",₹680,3.6,N/A
https://www.amazon.in/Lunars-Bingo-Laptop-Resistant-48L/dp/B08YZ8FFBZ/ref=sr_1_11?crid=2M096C61O4MLT&keywords=bags&qid=1690570722&sprefix=ba%2Caps%2C283&sr=8-11,Lunar's Bingo - 48 L Laptop Office/School/Travel/Business Backpack Water Resistant - Fits Up to 15.6 Inch Laptop Notebook with 1 Year Warranty,₹899,3.9,N/A
https://www.amazon.in/NORTH-ZONE-Waterproof-Backpack-Dimensions/dp/B0BS6QQZYN/ref=sr_1_12?crid=2M096C61O4MLT&keywords=bags&qid=1690570722&sprefix=ba%2Caps%2C283&sr=8-12,NORTH ZONE Casual Waterproof Laptop Backpack/Office,₹630,4.0,N/A
https://www.amazon.in/Martucci-Casual-Travelling-Laptop-Backpack/dp/B088B4P6ZW/ref=sr_1_13?crid=2M096C61O4MLT&keywords=bags&qid=1690570722&sprefix=ba%2Caps%2C283&sr=8-13,Martucci 15.6 inch 30 L Casual Waterproof Laptop Backpack/Office,₹549,3.9,N/A
https://www.amazon.in/gp/bestsellers/luggage/2917507031/ref=sr_bs_13_2917507031_1,Sfane Polyester 23cms Duffle/Shoulder/Gym,₹387,4.3,N/A
https://www.amazon.in/SAFARI-Ltrs-Casual-Backpack-DAYPACKNEO15CBSEB/dp/B07Q7CNPMV/ref=sr_1_15?crid=2M096C61O4MLT&keywords=bags&qid=1690570722&sprefix=ba%2Caps%2C283&sr=8-15,Safari Compact Size 15 Ltrs Casual Backpack For Unisex Adult - Sea Blue,₹321,4.0,N/A
https://www.amazon.in/Number-Backpack-Compartment-Charging-Organizer/dp/B09VTDMRY7/ref=sr_1_16?crid=2M096C61O4MLT&keywords=bags&qid=1690570722&sprefix=ba%2Caps%2C283&sr=8-16,FUR JADEN Anti Theft Number Lock Backpack,₹679,4.0,N/A
https://www.amazon.in/Wesley-Milestone-Waterproof-Backpack-Business/dp/B084JGJ8PF/ref=ice_ac_b_dpb?crid=2M096C61O4MLT&keywords=bags&qid=1690570725&sprefix=ba%2Caps%2C283&sr=8-1,Wesley Milestone 2.0 Casual Waterproof Laptop Backpack/Office,₹598,4.3,N/A
https://www.amazon.in/gp/bestsellers/luggage/2917436031/ref=sr_bs_1_2917436031_1,Skybags Brat Black 46 Cms Casual Backpack,₹669,4.1,N/A
https://www.amazon.in/Half-Moon-Waterproof-Backpack-Students/dp/B085MHDJ93/ref=sr_1_3?crid=2M096C61O4MLT&keywords=bags&qid=1690570725&sprefix=ba%2Caps%2C283&sr=8-3,Half Moon 35 Ltrs Water Resistant 15.6 inch Laptop,₹649,3.9,N/A
https://www.amazon.in/Half-Moon-Backpack-Luggage-Compartment/dp/B09VCLZ3K4/ref=sr_1_4?crid=2M096C61O4MLT&keywords=bags&qid=1690570725&sprefix=ba%2Caps%2C283&sr=8-4,Half Moon Large 37L Laptop,₹849,3.9,N/A
https://www.amazon.in/TRUE-HUMAN-Anti-Theft-backpack-charging/dp/B09QJ7ZF2Y/ref=sr_1_5?crid=2M096C61O4MLT&keywords=bags&qid=1690570725&sprefix=ba%2Caps%2C283&sr=8-5,TRUE HUMAN EMPEROR® Anti-Theft backpack With USB charging Port Laptop,₹689,3.8,N/A
https://www.amazon.in/American-Tourister-AMT-SCH-02/dp/B07CJCGM1M/ref=sr_1_6?crid=2M096C61O4MLT&keywords=bags&qid=1690570725&sprefix=ba%2Caps%2C283&sr=8-6,American Tourister Fizz Large Size 32 Ltrs Casual Backpack (BLACK),"₹1,199",4.0,N/A
https://www.amazon.in/Wesley-Spartan-Hiking-Raincover-Organiser/dp/B098QFF5TJ/ref=sr_1_7?crid=2M096C61O4MLT&keywords=bags&qid=1690570725&sprefix=ba%2Caps%2C283&sr=8-7,Wesley Spartan Unisex Travel Hiking Laptop,₹749,4.1,N/A
https://www.amazon.in/Half-Moon-Resistant-Backpack-Compartment/dp/B0BJ32LQ6X/ref=sr_1_8?crid=2M096C61O4MLT&keywords=bags&qid=1690570725&sprefix=ba%2Caps%2C283&sr=8-8,Half Moon Large 37L Laptop,₹849,3.9,N/A
https://www.amazon.in/gp/bestsellers/computers/1375464031/ref=sr_bs_8_1375464031_1,"American Tourister VALEX BLACK LAPTOP BACKPACK 28 Ltrs,Volume, LAPTOP COMPARTMENT, BOTTLE POCKET, FRONT ORGANIZER","₹1,299",4.3,N/A
https://www.amazon.in/TRUE-Emperor-Anti-Theft-backpack-charging/dp/B0BYB631NR/ref=sr_1_10?crid=2M096C61O4MLT&keywords=bags&qid=1690570725&sprefix=ba%2Caps%2C283&sr=8-10,"TRUE HUMAN® Emperor Anti-Theft Pocket backpack With USB charging Port Laptop,office,college,travel",₹680,3.6,N/A
https://www.amazon.in/Lunars-Bingo-Laptop-Resistant-48L/dp/B08YZ8FFBZ/ref=sr_1_11?crid=2M096C61O4MLT&keywords=bags&qid=1690570725&sprefix=ba%2Caps%2C283&sr=8-11,Lunar's Bingo - 48 L Laptop Office/School/Travel/Business Backpack Water Resistant - Fits Up to 15.6 Inch Laptop Notebook with 1 Year Warranty,₹899,3.9,N/A
https://www.amazon.in/NORTH-ZONE-Waterproof-Backpack-Dimensions/dp/B0BS6QQZYN/ref=sr_1_12?crid=2M096C61O4MLT&keywords=bags&qid=1690570725&sprefix=ba%2Caps%2C283&sr=8-12,NORTH ZONE Casual Waterproof Laptop Backpack/Office,₹630,4.0,N/A
https://www.amazon.in/Martucci-Casual-Travelling-Laptop-Backpack/dp/B088B4P6ZW/ref=sr_1_13?crid=2M096C61O4MLT&keywords=bags&qid=1690570725&sprefix=ba%2Caps%2C283&sr=8-13,Martucci 15.6 inch 30 L Casual Waterproof Laptop Backpack/Office,₹549,3.9,N/A
https://www.amazon.in/gp/bestsellers/luggage/2917507031/ref=sr_bs_13_2917507031_1,Sfane Polyester 23cms Duffle/Shoulder/Gym,₹387,4.3,N/A
https://www.amazon.in/SAFARI-Ltrs-Casual-Backpack-DAYPACKNEO15CBSEB/dp/B07Q7CNPMV/ref=sr_1_15?crid=2M096C61O4MLT&keywords=bags&qid=1690570725&sprefix=ba%2Caps%2C283&sr=8-15,Safari Compact Size 15 Ltrs Casual Backpack For Unisex Adult - Sea Blue,₹321,4.0,N/A
https://www.amazon.in/Number-Backpack-Compartment-Charging-Organizer/dp/B09VTDMRY7/ref=sr_1_16?crid=2M096C61O4MLT&keywords=bags&qid=1690570725&sprefix=ba%2Caps%2C283&sr=8-16,FUR JADEN Anti Theft Number Lock Backpack,₹679,4.0,N/A
https://www.amazon.in/Wesley-Milestone-Waterproof-Backpack-Business/dp/B084JGJ8PF/ref=ice_ac_b_dpb?crid=2M096C61O4MLT&keywords=bags&qid=1690570727&sprefix=ba%2Caps%2C283&sr=8-1,Wesley Milestone 2.0 Casual Waterproof Laptop Backpack/Office,₹598,4.3,N/A
https://www.amazon.in/gp/bestsellers/luggage/2917436031/ref=sr_bs_1_2917436031_1,Skybags Brat Black 46 Cms Casual Backpack,₹669,4.1,N/A
https://www.amazon.in/Half-Moon-Waterproof-Backpack-Students/dp/B085MHDJ93/ref=sr_1_3?crid=2M096C61O4MLT&keywords=bags&qid=1690570727&sprefix=ba%2Caps%2C283&sr=8-3,Half Moon 35 Ltrs Water Resistant 15.6 inch Laptop,₹649,3.9,N/A
https://www.amazon.in/Half-Moon-Backpack-Luggage-Compartment/dp/B09VCLZ3K4/ref=sr_1_4?crid=2M096C61O4MLT&keywords=bags&qid=1690570727&sprefix=ba%2Caps%2C283&sr=8-4,Half Moon Large 37L Laptop,₹849,3.9,N/A
https://www.amazon.in/TRUE-HUMAN-Anti-Theft-backpack-charging/dp/B09QJ7ZF2Y/ref=sr_1_5?crid=2M096C61O4MLT&keywords=bags&qid=1690570727&sprefix=ba%2Caps%2C283&sr=8-5,TRUE HUMAN EMPEROR® Anti-Theft backpack With USB charging Port Laptop,₹689,3.8,N/A
https://www.amazon.in/American-Tourister-AMT-SCH-02/dp/B07CJCGM1M/ref=sr_1_6?crid=2M096C61O4MLT&keywords=bags&qid=1690570727&sprefix=ba%2Caps%2C283&sr=8-6,American Tourister Fizz Large Size 32 Ltrs Casual Backpack (BLACK),"₹1,199",4.0,N/A
https://www.amazon.in/Wesley-Spartan-Hiking-Raincover-Organiser/dp/B098QFF5TJ/ref=sr_1_7?crid=2M096C61O4MLT&keywords=bags&qid=1690570727&sprefix=ba%2Caps%2C283&sr=8-7,Wesley Spartan Unisex Travel Hiking Laptop,₹749,4.1,N/A
https://www.amazon.in/Half-Moon-Resistant-Backpack-Compartment/dp/B0BJ32LQ6X/ref=sr_1_8?crid=2M096C61O4MLT&keywords=bags&qid=1690570727&sprefix=ba%2Caps%2C283&sr=8-8,Half Moon Large 37L Laptop,₹849,3.9,N/A
https://www.amazon.in/gp/bestsellers/computers/1375464031/ref=sr_bs_8_1375464031_1,"American Tourister VALEX BLACK LAPTOP BACKPACK 28 Ltrs,Volume, LAPTOP COMPARTMENT, BOTTLE POCKET, FRONT ORGANIZER","₹1,299",4.3,N/A
https://www.amazon.in/TRUE-Emperor-Anti-Theft-backpack-charging/dp/B0BYB631NR/ref=sr_1_10?crid=2M096C61O4MLT&keywords=bags&qid=1690570727&sprefix=ba%2Caps%2C283&sr=8-10,"TRUE HUMAN® Emperor Anti-Theft Pocket backpack With USB charging Port Laptop,office,college,travel",₹680,3.6,N/A
https://www.amazon.in/NORTH-ZONE-Waterproof-Backpack-Dimensions/dp/B0BS6QQZYN/ref=sr_1_11?crid=2M096C61O4MLT&keywords=bags&qid=1690570727&sprefix=ba%2Caps%2C283&sr=8-11,NORTH ZONE Casual Waterproof Laptop Backpack/Office,₹630,4.0,N/A
https://www.amazon.in/Wesley-Milestone-Waterproof-Backpack-Business/dp/B085S444JV/ref=sr_1_12?crid=2M096C61O4MLT&keywords=bags&qid=1690570727&sprefix=ba%2Caps%2C283&sr=8-12,Wesley Milestone 2.0 Casual Waterproof Laptop Backpack/Office,₹550,4.3,N/A
https://www.amazon.in/Lunars-Bingo-Laptop-Resistant-48L/dp/B08YZ8FFBZ/ref=sr_1_13?crid=2M096C61O4MLT&keywords=bags&qid=1690570727&sprefix=ba%2Caps%2C283&sr=8-13,Lunar's Bingo - 48 L Laptop Office/School/Travel/Business Backpack Water Resistant - Fits Up to 15.6 Inch Laptop Notebook with 1 Year Warranty,₹899,3.9,N/A
https://www.amazon.in/Martucci-Casual-Travelling-Laptop-Backpack/dp/B088B4P6ZW/ref=sr_1_14?crid=2M096C61O4MLT&keywords=bags&qid=1690570727&sprefix=ba%2Caps%2C283&sr=8-14,Martucci 15.6 inch 30 L Casual Waterproof Laptop Backpack/Office,₹549,3.9,N/A
https://www.amazon.in/SAFARI-Ltrs-Casual-Backpack-DAYPACKNEO15CBSEB/dp/B07Q7CNPMV/ref=sr_1_15?crid=2M096C61O4MLT&keywords=bags&qid=1690570727&sprefix=ba%2Caps%2C283&sr=8-15,Safari Compact Size 15 Ltrs Casual Backpack For Unisex Adult - Sea Blue,₹321,4.0,N/A
https://www.amazon.in/Number-Backpack-Compartment-Charging-Organizer/dp/B09VTDMRY7/ref=sr_1_16?crid=2M096C61O4MLT&keywords=bags&qid=1690570727&sprefix=ba%2Caps%2C283&sr=8-16,FUR JADEN Anti Theft Number Lock Backpack,₹679,4.0,N/A
https://www.amazon.in/Wesley-Milestone-Waterproof-Backpack-Business/dp/B084JGJ8PF/ref=ice_ac_b_dpb?crid=2M096C61O4MLT&keywords=bags&qid=1690570731&sprefix=ba%2Caps%2C283&sr=8-1,Wesley Milestone 2.0 Casual Waterproof Laptop Backpack/Office Bag/School Bag/College Bag/Business Bag/Travel Backpack (Dimensions:13x18 inches) (Compatible with 39.62cm(15.6inch laptop) 30 L (Blue & black),₹598,4.3,N/A
https://www.amazon.in/gp/bestsellers/luggage/2917436031/ref=sr_bs_1_2917436031_1,Skybags Brat Black 46 Cms Casual Backpack,₹669,4.1,N/A
https://www.amazon.in/Half-Moon-Waterproof-Backpack-Students/dp/B085MHDJ93/ref=sr_1_3?crid=2M096C61O4MLT&keywords=bags&qid=1690570731&sprefix=ba%2Caps%2C283&sr=8-3,"Half Moon 35 Ltrs Water Resistant 15.6 inch Laptop Bag for Men/Backpack for Men, Navy Blue | Office Bag for Men/Office Bag for Women with Padded Laptop Compartment | Rain Cover & Reflective Strips",₹649,3.9,N/A
https://www.amazon.in/Half-Moon-Backpack-Luggage-Compartment/dp/B09VCLZ3K4/ref=sr_1_4?crid=2M096C61O4MLT&keywords=bags&qid=1690570731&sprefix=ba%2Caps%2C283&sr=8-4,Half Moon Large 37L Laptop Bag Backpack for menं Women Boys and Girls Luggage Travel Bags with 17.3 inches Laptop Compartment & Rain Cover,₹849,3.9,N/A
https://www.amazon.in/TRUE-HUMAN-Anti-Theft-backpack-charging/dp/B09QJ7ZF2Y/ref=sr_1_5?crid=2M096C61O4MLT&keywords=bags&qid=1690570731&sprefix=ba%2Caps%2C283&sr=8-5,TRUE HUMAN EMPEROR® Anti-Theft backpack With USB charging Port Laptop bag/Office bag/college bag/travel bag with anti -theft back pocket (LEGEND),₹689,3.8,N/A
https://www.amazon.in/American-Tourister-AMT-SCH-02/dp/B07CJCGM1M/ref=sr_1_6?crid=2M096C61O4MLT&keywords=bags&qid=1690570731&sprefix=ba%2Caps%2C283&sr=8-6,American Tourister Fizz Large Size 32 Ltrs Casual Backpack (BLACK),"₹1,199",4.0,N/A
https://www.amazon.in/Wesley-Spartan-Hiking-Raincover-Organiser/dp/B098QFF5TJ/ref=sr_1_7?crid=2M096C61O4MLT&keywords=bags&qid=1690570731&sprefix=ba%2Caps%2C283&sr=8-7,Wesley Spartan Unisex Travel Hiking Laptop Bag fits Upto 17.3 inch with Raincover and Internal Organiser Backpack Rucksack College Bag,₹749,4.1,N/A
https://www.amazon.in/Half-Moon-Resistant-Backpack-Compartment/dp/B0BJ32LQ6X/ref=sr_1_8?crid=2M096C61O4MLT&keywords=bags&qid=1690570731&sprefix=ba%2Caps%2C283&sr=8-8,Half Moon Large 37L Laptop Bag Backpack for menं Women Boys and Girls Luggage Travel Bags with 17.3 inches Laptop Compartment & Rain Cover,₹849,3.9,N/A
https://www.amazon.in/gp/bestsellers/computers/1375464031/ref=sr_bs_8_1375464031_1,"American Tourister VALEX BLACK LAPTOP BACKPACK 28 Ltrs,Volume, LAPTOP COMPARTMENT, BOTTLE POCKET, FRONT ORGANIZER","₹1,299",4.3,N/A
https://www.amazon.in/TRUE-Emperor-Anti-Theft-backpack-charging/dp/B0BYB631NR/ref=sr_1_10?crid=2M096C61O4MLT&keywords=bags&qid=1690570731&sprefix=ba%2Caps%2C283&sr=8-10,"TRUE HUMAN® Emperor Anti-Theft Pocket backpack With USB charging Port Laptop,office,college,travel bag for men and women(Epower)",₹680,3.6,N/A
https://www.amazon.in/Wesley-Milestone-Waterproof-Backpack-Business/dp/B085S444JV/ref=sr_1_11?crid=2M096C61O4MLT&keywords=bags&qid=1690570731&sprefix=ba%2Caps%2C283&sr=8-11,"Wesley Milestone 2.0 Casual Waterproof Laptop Backpack/Office Bag/School Bag/College Bag/Business Bag/Travel Backpack (Dimensions:13x18 inches) (Compatible with 39.62cm(15.6inch laptop) 30 L, Charcoal black",₹550,4.3,N/A
https://www.amazon.in/NORTH-ZONE-Waterproof-Backpack-Dimensions/dp/B0BS6QQZYN/ref=sr_1_12?crid=2M096C61O4MLT&keywords=bags&qid=1690570731&sprefix=ba%2Caps%2C283&sr=8-12,NORTH ZONE Casual Waterproof Laptop Backpack/Office Bag/School Bag/College Bag/Business Bag/Travel Backpack (Dimensions:13x18 inches) (Compatible with 39.62cm(15.6inch laptop) 30 L,₹630,4.0,N/A
https://www.amazon.in/Lunars-Bingo-Laptop-Resistant-48L/dp/B08YZ8FFBZ/ref=sr_1_13?crid=2M096C61O4MLT&keywords=bags&qid=1690570731&sprefix=ba%2Caps%2C283&sr=8-13,Lunar's Bingo - 48 L Laptop Office/School/Travel/Business Backpack Water Resistant - Fits Up to 15.6 Inch Laptop Notebook with 1 Year Warranty,₹899,3.9,N/A
https://www.amazon.in/Martucci-Casual-Travelling-Laptop-Backpack/dp/B088B4P6ZW/ref=sr_1_14?crid=2M096C61O4MLT&keywords=bags&qid=1690570731&sprefix=ba%2Caps%2C283&sr=8-14,Martucci 15.6 inch 30 L Casual Waterproof Laptop Backpack/Office Bag/School Bag/College Bag/Business Bag/Unisex Travel Backpack(Black),₹549,3.9,N/A
https://www.amazon.in/SAFARI-Ltrs-Casual-Backpack-DAYPACKNEO15CBSEB/dp/B07Q7CNPMV/ref=sr_1_15?crid=2M096C61O4MLT&keywords=bags&qid=1690570731&sprefix=ba%2Caps%2C283&sr=8-15,Safari Compact Size 15 Ltrs Casual Backpack For Unisex Adult - Sea Blue,₹321,4.0,N/A
https://www.amazon.in/Number-Backpack-Compartment-Charging-Organizer/dp/B09VTDMRY7/ref=sr_1_16?crid=2M096C61O4MLT&keywords=bags&qid=1690570731&sprefix=ba%2Caps%2C283&sr=8-16,"FUR JADEN Anti Theft Number Lock Backpack Bag with 15.6 Inch Laptop Compartment, USB Charging Port & Organizer Pocket for Men Women Boys Girls",₹679,4.0,N/A
https://www.amazon.in/Wesley-Milestone-Waterproof-Backpack-Business/dp/B084JGJ8PF/ref=ice_ac_b_dpb?crid=2M096C61O4MLT&keywords=bags&qid=1690570736&sprefix=ba%2Caps%2C283&sr=8-1,Wesley Milestone 2.0 Casual Waterproof Laptop Backpack/Office,₹598,4.3,N/A
https://www.amazon.in/gp/bestsellers/luggage/2917436031/ref=sr_bs_1_2917436031_1,Skybags Brat Black 46 Cms Casual Backpack,₹669,4.1,N/A
https://www.amazon.in/Half-Moon-Waterproof-Backpack-Students/dp/B085MHDJ93/ref=sr_1_3?crid=2M096C61O4MLT&keywords=bags&qid=1690570736&sprefix=ba%2Caps%2C283&sr=8-3,Half Moon 35 Ltrs Water Resistant 15.6 inch Laptop,₹649,3.9,N/A
https://www.amazon.in/Half-Moon-Backpack-Luggage-Compartment/dp/B09VCLZ3K4/ref=sr_1_4?crid=2M096C61O4MLT&keywords=bags&qid=1690570736&sprefix=ba%2Caps%2C283&sr=8-4,Half Moon Large 37L Laptop,₹849,3.9,N/A
https://www.amazon.in/TRUE-HUMAN-Anti-Theft-backpack-charging/dp/B09QJ7ZF2Y/ref=sr_1_5?crid=2M096C61O4MLT&keywords=bags&qid=1690570736&sprefix=ba%2Caps%2C283&sr=8-5,TRUE HUMAN EMPEROR® Anti-Theft backpack With USB charging Port Laptop,₹689,3.8,N/A
https://www.amazon.in/American-Tourister-AMT-SCH-02/dp/B07CJCGM1M/ref=sr_1_6?crid=2M096C61O4MLT&keywords=bags&qid=1690570736&sprefix=ba%2Caps%2C283&sr=8-6,American Tourister Fizz Large Size 32 Ltrs Casual Backpack (BLACK),"₹1,199",4.0,N/A
https://www.amazon.in/Wesley-Spartan-Hiking-Raincover-Organiser/dp/B098QFF5TJ/ref=sr_1_7?crid=2M096C61O4MLT&keywords=bags&qid=1690570736&sprefix=ba%2Caps%2C283&sr=8-7,Wesley Spartan Unisex Travel Hiking Laptop,₹749,4.1,N/A
https://www.amazon.in/Half-Moon-Resistant-Backpack-Compartment/dp/B0BJ32LQ6X/ref=sr_1_8?crid=2M096C61O4MLT&keywords=bags&qid=1690570736&sprefix=ba%2Caps%2C283&sr=8-8,Half Moon Large 37L Laptop,₹849,3.9,N/A
https://www.amazon.in/gp/bestsellers/computers/1375464031/ref=sr_bs_8_1375464031_1,"American Tourister VALEX BLACK LAPTOP BACKPACK 28 Ltrs,Volume, LAPTOP COMPARTMENT, BOTTLE POCKET, FRONT ORGANIZER","₹1,299",4.3,N/A
https://www.amazon.in/TRUE-Emperor-Anti-Theft-backpack-charging/dp/B0BYB631NR/ref=sr_1_10?crid=2M096C61O4MLT&keywords=bags&qid=1690570736&sprefix=ba%2Caps%2C283&sr=8-10,"TRUE HUMAN® Emperor Anti-Theft Pocket backpack With USB charging Port Laptop,office,college,travel",₹680,3.6,N/A
https://www.amazon.in/NORTH-ZONE-Waterproof-Backpack-Dimensions/dp/B0BS6QQZYN/ref=sr_1_11?crid=2M096C61O4MLT&keywords=bags&qid=1690570736&sprefix=ba%2Caps%2C283&sr=8-11,NORTH ZONE Casual Waterproof Laptop Backpack/Office,₹630,4.0,N/A
https://www.amazon.in/Wesley-Milestone-Waterproof-Backpack-Business/dp/B085S444JV/ref=sr_1_12?crid=2M096C61O4MLT&keywords=bags&qid=1690570736&sprefix=ba%2Caps%2C283&sr=8-12,Wesley Milestone 2.0 Casual Waterproof Laptop Backpack/Office,₹550,4.3,N/A
https://www.amazon.in/Lunars-Bingo-Laptop-Resistant-48L/dp/B08YZ8FFBZ/ref=sr_1_13?crid=2M096C61O4MLT&keywords=bags&qid=1690570736&sprefix=ba%2Caps%2C283&sr=8-13,Lunar's Bingo - 48 L Laptop Office/School/Travel/Business Backpack Water Resistant - Fits Up to 15.6 Inch Laptop Notebook with 1 Year Warranty,₹899,3.9,N/A
https://www.amazon.in/Martucci-Casual-Travelling-Laptop-Backpack/dp/B088B4P6ZW/ref=sr_1_14?crid=2M096C61O4MLT&keywords=bags&qid=1690570736&sprefix=ba%2Caps%2C283&sr=8-14,Martucci 15.6 inch 30 L Casual Waterproof Laptop Backpack/Office,₹549,3.9,N/A
https://www.amazon.in/SAFARI-Ltrs-Casual-Backpack-DAYPACKNEO15CBSEB/dp/B07Q7CNPMV/ref=sr_1_15?crid=2M096C61O4MLT&keywords=bags&qid=1690570736&sprefix=ba%2Caps%2C283&sr=8-15,Safari Compact Size 15 Ltrs Casual Backpack For Unisex Adult - Sea Blue,₹321,4.0,N/A
https://www.amazon.in/Number-Backpack-Compartment-Charging-Organizer/dp/B09VTDMRY7/ref=sr_1_16?crid=2M096C61O4MLT&keywords=bags&qid=1690570736&sprefix=ba%2Caps%2C283&sr=8-16,FUR JADEN Anti Theft Number Lock Backpack,₹679,4.0,N/A
https://www.amazon.in/Wesley-Milestone-Waterproof-Backpack-Business/dp/B084JGJ8PF/ref=ice_ac_b_dpb?crid=2M096C61O4MLT&keywords=bags&qid=1690570739&sprefix=ba%2Caps%2C283&sr=8-1,Wesley Milestone 2.0 Casual Waterproof Laptop Backpack/Office,₹598,4.3,N/A
https://www.amazon.in/gp/bestsellers/luggage/2917436031/ref=sr_bs_1_2917436031_1,Skybags Brat Black 46 Cms Casual Backpack,₹669,4.1,N/A
https://www.amazon.in/Half-Moon-Waterproof-Backpack-Students/dp/B085MHDJ93/ref=sr_1_3?crid=2M096C61O4MLT&keywords=bags&qid=1690570739&sprefix=ba%2Caps%2C283&sr=8-3,Half Moon 35 Ltrs Water Resistant 15.6 inch Laptop,₹649,3.9,N/A
https://www.amazon.in/Half-Moon-Backpack-Luggage-Compartment/dp/B09VCLZ3K4/ref=sr_1_4?crid=2M096C61O4MLT&keywords=bags&qid=1690570739&sprefix=ba%2Caps%2C283&sr=8-4,Half Moon Large 37L Laptop,₹849,3.9,N/A
https://www.amazon.in/TRUE-HUMAN-Anti-Theft-backpack-charging/dp/B09QJ7ZF2Y/ref=sr_1_5?crid=2M096C61O4MLT&keywords=bags&qid=1690570739&sprefix=ba%2Caps%2C283&sr=8-5,TRUE HUMAN EMPEROR® Anti-Theft backpack With USB charging Port Laptop,₹689,3.8,N/A
https://www.amazon.in/American-Tourister-AMT-SCH-02/dp/B07CJCGM1M/ref=sr_1_6?crid=2M096C61O4MLT&keywords=bags&qid=1690570739&sprefix=ba%2Caps%2C283&sr=8-6,American Tourister Fizz Large Size 32 Ltrs Casual Backpack (BLACK),"₹1,199",4.0,N/A
https://www.amazon.in/Wesley-Spartan-Hiking-Raincover-Organiser/dp/B098QFF5TJ/ref=sr_1_7?crid=2M096C61O4MLT&keywords=bags&qid=1690570739&sprefix=ba%2Caps%2C283&sr=8-7,Wesley Spartan Unisex Travel Hiking Laptop,₹749,4.1,N/A
https://www.amazon.in/Half-Moon-Resistant-Backpack-Compartment/dp/B0BJ32LQ6X/ref=sr_1_8?crid=2M096C61O4MLT&keywords=bags&qid=1690570739&sprefix=ba%2Caps%2C283&sr=8-8,Half Moon Large 37L Laptop,₹849,3.9,N/A
https://www.amazon.in/gp/bestsellers/computers/1375464031/ref=sr_bs_8_1375464031_1,"American Tourister VALEX BLACK LAPTOP BACKPACK 28 Ltrs,Volume, LAPTOP COMPARTMENT, BOTTLE POCKET, FRONT ORGANIZER","₹1,299",4.3,N/A
https://www.amazon.in/TRUE-Emperor-Anti-Theft-backpack-charging/dp/B0BYB631NR/ref=sr_1_10?crid=2M096C61O4MLT&keywords=bags&qid=1690570739&sprefix=ba%2Caps%2C283&sr=8-10,"TRUE HUMAN® Emperor Anti-Theft Pocket backpack With USB charging Port Laptop,office,college,travel",₹680,3.6,N/A
https://www.amazon.in/Wesley-Milestone-Waterproof-Backpack-Business/dp/B085S444JV/ref=sr_1_11?crid=2M096C61O4MLT&keywords=bags&qid=1690570739&sprefix=ba%2Caps%2C283&sr=8-11,Wesley Milestone 2.0 Casual Waterproof Laptop Backpack/Office,₹550,4.3,N/A
https://www.amazon.in/NORTH-ZONE-Waterproof-Backpack-Dimensions/dp/B0BS6QQZYN/ref=sr_1_12?crid=2M096C61O4MLT&keywords=bags&qid=1690570739&sprefix=ba%2Caps%2C283&sr=8-12,NORTH ZONE Casual Waterproof Laptop Backpack/Office,₹630,4.0,N/A
https://www.amazon.in/Lunars-Bingo-Laptop-Resistant-48L/dp/B08YZ8FFBZ/ref=sr_1_13?crid=2M096C61O4MLT&keywords=bags&qid=1690570739&sprefix=ba%2Caps%2C283&sr=8-13,Lunar's Bingo - 48 L Laptop Office/School/Travel/Business Backpack Water Resistant - Fits Up to 15.6 Inch Laptop Notebook with 1 Year Warranty,₹899,3.9,N/A
https://www.amazon.in/Martucci-Casual-Travelling-Laptop-Backpack/dp/B088B4P6ZW/ref=sr_1_14?crid=2M096C61O4MLT&keywords=bags&qid=1690570739&sprefix=ba%2Caps%2C283&sr=8-14,Martucci 15.6 inch 30 L Casual Waterproof Laptop Backpack/Office,₹549,3.9,N/A
https://www.amazon.in/gp/bestsellers/luggage/2917507031/ref=sr_bs_14_2917507031_1,Sfane Polyester 23cms Duffle/Shoulder/Gym,₹387,4.3,N/A
https://www.amazon.in/SAFARI-Ltrs-Casual-Backpack-DAYPACKNEO15CBSEB/dp/B07Q7CNPMV/ref=sr_1_16?crid=2M096C61O4MLT&keywords=bags&qid=1690570739&sprefix=ba%2Caps%2C283&sr=8-16,Safari Compact Size 15 Ltrs Casual Backpack For Unisex Adult - Sea Blue,₹321,4.0,N/A
https://www.amazon.in/Wesley-Milestone-Waterproof-Backpack-Business/dp/B084JGJ8PF/ref=ice_ac_b_dpb?crid=2M096C61O4MLT&keywords=bags&qid=1690570742&sprefix=ba%2Caps%2C283&sr=8-1,Wesley Milestone 2.0 Casual Waterproof Laptop Backpack/Office Bag/School Bag/College Bag/Business Bag/Travel Backpack (Dimensions:13x18 inches) (Compatible with 39.62cm(15.6inch laptop) 30 L (Blue & black),₹598,4.3,N/A
https://www.amazon.in/gp/bestsellers/luggage/2917436031/ref=sr_bs_1_2917436031_1,Skybags Brat Black 46 Cms Casual Backpack,₹669,4.1,N/A
https://www.amazon.in/Half-Moon-Waterproof-Backpack-Students/dp/B085MHDJ93/ref=sr_1_3?crid=2M096C61O4MLT&keywords=bags&qid=1690570742&sprefix=ba%2Caps%2C283&sr=8-3,"Half Moon 35 Ltrs Water Resistant 15.6 inch Laptop Bag for Men/Backpack for Men, Navy Blue | Office Bag for Men/Office Bag for Women with Padded Laptop Compartment | Rain Cover & Reflective Strips",₹649,3.9,N/A
https://www.amazon.in/Half-Moon-Backpack-Luggage-Compartment/dp/B09VCLZ3K4/ref=sr_1_4?crid=2M096C61O4MLT&keywords=bags&qid=1690570742&sprefix=ba%2Caps%2C283&sr=8-4,Half Moon Large 37L Laptop Bag Backpack for menं Women Boys and Girls Luggage Travel Bags with 17.3 inches Laptop Compartment & Rain Cover,₹849,3.9,N/A
https://www.amazon.in/TRUE-HUMAN-Anti-Theft-backpack-charging/dp/B09QJ7ZF2Y/ref=sr_1_5?crid=2M096C61O4MLT&keywords=bags&qid=1690570742&sprefix=ba%2Caps%2C283&sr=8-5,TRUE HUMAN EMPEROR® Anti-Theft backpack With USB charging Port Laptop bag/Office bag/college bag/travel bag with anti -theft back pocket (LEGEND),₹689,3.8,N/A
https://www.amazon.in/American-Tourister-AMT-SCH-02/dp/B07CJCGM1M/ref=sr_1_6?crid=2M096C61O4MLT&keywords=bags&qid=1690570742&sprefix=ba%2Caps%2C283&sr=8-6,American Tourister Fizz Large Size 32 Ltrs Casual Backpack (BLACK),"₹1,199",4.0,N/A
https://www.amazon.in/Wesley-Spartan-Hiking-Raincover-Organiser/dp/B098QFF5TJ/ref=sr_1_7?crid=2M096C61O4MLT&keywords=bags&qid=1690570742&sprefix=ba%2Caps%2C283&sr=8-7,Wesley Spartan Unisex Travel Hiking Laptop Bag fits Upto 17.3 inch with Raincover and Internal Organiser Backpack Rucksack College Bag,₹749,4.1,N/A
https://www.amazon.in/Half-Moon-Resistant-Backpack-Compartment/dp/B0BJ32LQ6X/ref=sr_1_8?crid=2M096C61O4MLT&keywords=bags&qid=1690570742&sprefix=ba%2Caps%2C283&sr=8-8,Half Moon Large 37L Laptop Bag Backpack for menं Women Boys and Girls Luggage Travel Bags with 17.3 inches Laptop Compartment & Rain Cover,₹849,3.9,N/A
https://www.amazon.in/gp/bestsellers/computers/1375464031/ref=sr_bs_8_1375464031_1,"American Tourister VALEX BLACK LAPTOP BACKPACK 28 Ltrs,Volume, LAPTOP COMPARTMENT, BOTTLE POCKET, FRONT ORGANIZER","₹1,299",4.3,N/A
https://www.amazon.in/TRUE-Emperor-Anti-Theft-backpack-charging/dp/B0BYB631NR/ref=sr_1_10?crid=2M096C61O4MLT&keywords=bags&qid=1690570742&sprefix=ba%2Caps%2C283&sr=8-10,"TRUE HUMAN® Emperor Anti-Theft Pocket backpack With USB charging Port Laptop,office,college,travel bag for men and women(Epower)",₹680,3.6,N/A
https://www.amazon.in/Lunars-Bingo-Laptop-Resistant-48L/dp/B08YZ8FFBZ/ref=sr_1_11?crid=2M096C61O4MLT&keywords=bags&qid=1690570742&sprefix=ba%2Caps%2C283&sr=8-11,Lunar's Bingo - 48 L Laptop Office/School/Travel/Business Backpack Water Resistant - Fits Up to 15.6 Inch Laptop Notebook with 1 Year Warranty,₹899,3.9,N/A
https://www.amazon.in/NORTH-ZONE-Waterproof-Backpack-Dimensions/dp/B0BS6QQZYN/ref=sr_1_12?crid=2M096C61O4MLT&keywords=bags&qid=1690570742&sprefix=ba%2Caps%2C283&sr=8-12,NORTH ZONE Casual Waterproof Laptop Backpack/Office Bag/School Bag/College Bag/Business Bag/Travel Backpack (Dimensions:13x18 inches) (Compatible with 39.62cm(15.6inch laptop) 30 L,₹630,4.0,N/A
https://www.amazon.in/Martucci-Casual-Travelling-Laptop-Backpack/dp/B088B4P6ZW/ref=sr_1_13?crid=2M096C61O4MLT&keywords=bags&qid=1690570742&sprefix=ba%2Caps%2C283&sr=8-13,Martucci 15.6 inch 30 L Casual Waterproof Laptop Backpack/Office Bag/School Bag/College Bag/Business Bag/Unisex Travel Backpack(Black),₹549,3.9,N/A
https://www.amazon.in/gp/bestsellers/luggage/2917507031/ref=sr_bs_13_2917507031_1,Sfane Polyester 23cms Duffle/Shoulder/Gym Bag for Men & Women with Separate Shoe Compartment (Grey),₹387,4.3,N/A
https://www.amazon.in/SAFARI-Ltrs-Casual-Backpack-DAYPACKNEO15CBSEB/dp/B07Q7CNPMV/ref=sr_1_15?crid=2M096C61O4MLT&keywords=bags&qid=1690570742&sprefix=ba%2Caps%2C283&sr=8-15,Safari Compact Size 15 Ltrs Casual Backpack For Unisex Adult - Sea Blue,₹321,4.0,N/A
https://www.amazon.in/Number-Backpack-Compartment-Charging-Organizer/dp/B09VTDMRY7/ref=sr_1_16?crid=2M096C61O4MLT&keywords=bags&qid=1690570742&sprefix=ba%2Caps%2C283&sr=8-16,"FUR JADEN Anti Theft Number Lock Backpack Bag with 15.6 Inch Laptop Compartment, USB Charging Port & Organizer Pocket for Men Women Boys Girls",₹679,4.0,N/A
